[
  {
    "inputs": [],
    "stateMutability": "nonpayable",
    "type": "constructor"
  },
  {
    "anonymous": false,
    "inputs": [
      {
        "indexed": false,
        "internalType": "uint256",
        "name": "id",
        "type": "uint256"
      },
      {
        "indexed": false,
        "internalType": "string",
        "name": "patientName",
        "type": "string"
      }
    ],
    "name": "PatientRegistered",
    "type": "event"
  },
  {
    "anonymous": false,
    "inputs": [
      {
        "indexed": false,
        "internalType": "address",
        "name": "doctor",
        "type": "address"
      }
    ],
    "name": "DoctorAdded",
    "type": "event"
  },
  {
    "anonymous": false,
    "inputs": [
      {
        "indexed": false,
        "internalType": "address",
        "name": "admin",
        "type": "address"
      }
    ],
    "name": "AdminAdded",
    "type": "event"
  },
  {
    "anonymous": false,
    "inputs": [
      {
        "indexed": false,
        "internalType": "uint256",
        "name": "id",
        "type": "uint256"
      },
      {
        "indexed": false,
        "internalType": "string",
        "name": "updatedHistory",
        "type": "string"
      }
    ],
    "name": "MedicalHistoryUpdated",
    "type": "event"
  },
  {
    "inputs": [
      {
        "internalType": "uint256",
        "name": "id",
        "type": "uint256"
      }
    ],
    "name": "viewMedicalHistory",
    "outputs": [
      {
        "internalType": "string",
        "name": "",
        "type": "string"
      }
    ],
    "stateMutability": "view",
    "type": "function"
  },
  {
    "inputs": [
      {
        "internalType": "uint256",
        "name": "id",
        "type": "uint256"
      }
    ],
    "name": "patients",
    "outputs": [
      {
        "internalType": "uint256",
        "name": "id",
        "type": "uint256"
      },
      {
        "internalType": "string",
        "name": "name",
        "type": "string"
      },
      {
        "internalType": "string",
        "name": "gender",
        "type": "string"
      },
      {
        "internalType": "string",
        "name": "dateOfBirth",
        "type": "string"
      },
      {
        "internalType": "string",
        "name": "imageUrl",
        "type": "string"
      },
      {
        "internalType": "string",
        "name": "medicalHistory",
        "type": "string"
      },
      {
        "internalType": "string",
        "name": "treatmentHistory",
        "type": "string"
      },
      {
        "internalType": "address",
        "name": "patientAddress",
        "type": "address"
      }
    ],
    "stateMutability": "view",
    "type": "function"
  },
  {
    "inputs": [
      {
        "internalType": "uint256",
        "name": "id",
        "type": "uint256"
      },
      {
        "internalType": "string",
        "name": "name",
        "type": "string"
      },
      {
        "internalType": "string",
        "name": "gender",
        "type": "string"
      },
      {
        "internalType": "string",
        "name": "dateOfBirth",
        "type": "string"
      },
      {
        "internalType": "string",
        "name": "imageUrl",
        "type": "string"
      },
      {
        "internalType": "string",
        "name": "medicalHistory",
        "type": "string"
      },
      {
        "internalType": "string",
        "name": "treatmentHistory",
        "type": "string"
      },
      {
        "internalType": "address",
        "name": "patientAddress",
        "type": "address"
      }
    ],
    "name": "registerPatient",
    "outputs": [],
    "stateMutability": "nonpayable",
    "type": "function"
  },
  {
    "inputs": [
      {
        "internalType": "address",
        "name": "doctor",
        "type": "address"
      }
    ],
    "name": "addDoctor",
    "outputs": [],
    "stateMutability": "nonpayable",
    "type": "function"
  },
  {
    "inputs": [
      {
        "internalType": "address",
        "name": "admin",
        "type": "address"
      }
    ],
    "name": "addAdmin",
    "outputs": [],
    "stateMutability": "nonpayable",
    "type": "function"
  },
  {
    "inputs": [
      {
        "internalType": "uint256",
        "name": "id",
        "type": "uint256"
      },
      {
        "internalType": "string",
        "name": "newMedicalHistory",
        "type": "string"
      }
    ],
    "name": "updateMedicalHistory",
    "outputs": [],
    "stateMutability": "nonpayable",
    "type": "function"
  }
]
